{
  "raw_clap": {
    "naive": {
      "mean": 19.777741990983486,
      "std": 13.392279655236825,
      "n": 15,
      "all_scores": [
        6.676137447357178,
        17.267923057079315,
        14.854848384857178,
        22.405242919921875,
        8.0567367374897,
        -1.03092473000288,
        38.07370662689209,
        32.96692371368408,
        33.58170986175537,
        11.377918720245361,
        3.162834048271179,
        8.402565121650696,
        38.21539580821991,
        23.30171763896942,
        39.353394508361816
      ]
    },
    "structured": {
      "mean": 41.648883521556854,
      "std": 8.80009205661128,
      "n": 15,
      "all_scores": [
        29.87651824951172,
        41.596317291259766,
        38.44729661941528,
        39.794921875,
        26.776522397994995,
        23.563022911548615,
        58.11161398887634,
        47.64910340309143,
        49.347299337387085,
        46.08394503593445,
        49.476808309555054,
        43.567171692848206,
        43.657028675079346,
        43.272483348846436,
        43.51319968700409
      ]
    },
    "structured_guidance": {
      "mean": 48.12344868977865,
      "std": 5.857367736433384,
      "n": 15,
      "all_scores": [
        38.73274326324463,
        41.87577962875366,
        37.06280589103699,
        54.05024290084839,
        43.988797068595886,
        59.26227569580078,
        43.2494580745697,
        50.385940074920654,
        49.63343143463135,
        49.82261657714844,
        52.797770500183105,
        53.13006639480591,
        50.78532695770264,
        48.093560338020325,
        48.980915546417236
      ]
    }
  },
  "semantic_clap": {
    "naive": {
      "mean": 31.64520228902499,
      "std": 15.486396030685409,
      "n": 15,
      "all_scores": [
        -3.27346995472908,
        18.748778104782104,
        24.882400035858154,
        42.25490987300873,
        26.800793409347534,
        15.114505589008331,
        42.6214337348938,
        43.90351176261902,
        46.81503474712372,
        15.44683575630188,
        26.82042121887207,
        26.99863314628601,
        51.381081342697144,
        45.01368999481201,
        51.14947557449341
      ]
    },
    "structured": {
      "mean": 45.2547162771225,
      "std": 11.766395030818488,
      "n": 15,
      "all_scores": [
        32.404762506484985,
        42.34248995780945,
        40.111055970191956,
        34.662216901779175,
        29.61706817150116,
        21.831688284873962,
        65.0708794593811,
        59.236544370651245,
        61.35293245315552,
        46.38052582740784,
        52.9174268245697,
        44.61420178413391,
        52.17673182487488,
        48.130691051483154,
        47.97152876853943
      ]
    },
    "structured_guidance": {
      "mean": 49.447525342305504,
      "std": 7.834595770854027,
      "n": 15,
      "all_scores": [
        37.486451864242554,
        44.5326030254364,
        37.962180376052856,
        44.33715343475342,
        45.8030641078949,
        56.88005089759827,
        57.30617642402649,
        65.77474474906921,
        62.73226737976074,
        46.38489782810211,
        50.06524324417114,
        49.21503663063049,
        49.18578267097473,
        46.53337895870209,
        47.513848543167114
      ]
    }
  },
  "consistency": {
    "naive": {
      "mean": 0.04849907743285074,
      "std": 0.019950816743401687,
      "n_pairs": 15
    },
    "structured": {
      "mean": 0.030524884176545065,
      "std": 0.009401883136686554,
      "n_pairs": 15
    },
    "structured_guidance": {
      "mean": 0.03055206182472366,
      "std": 0.011893838966966653,
      "n_pairs": 15
    }
  },
  "diversity": {
    "naive": {
      "mean": 0.055650800819889205,
      "std": 0.01676318140955493,
      "n_pairs": 30
    },
    "structured": {
      "mean": 0.04039436986133296,
      "std": 0.011439461709857324,
      "n_pairs": 30
    },
    "structured_guidance": {
      "mean": 0.03793742545032884,
      "std": 0.013675265322541121,
      "n_pairs": 30
    }
  },
  "tempo_accuracy": {
    "naive": {
      "mean_error": 31.653333333333332,
      "median_error": 25.0,
      "std_error": 25.149655177667057,
      "max_error": 81.19999999999999,
      "n": 15
    },
    "structured": {
      "mean_error": 30.093333333333337,
      "median_error": 20.299999999999997,
      "std_error": 41.43985950212133,
      "max_error": 160.0,
      "n": 15
    },
    "structured_guidance": {
      "mean_error": 20.82,
      "median_error": 1.2000000000000028,
      "std_error": 33.43326088393613,
      "max_error": 88.6,
      "n": 15
    }
  },
  "config": {
    "model_id": "facebook/musicgen-small",
    "sample_rate": 32000,
    "n_clips_total": 45,
    "seeds": [
      42,
      123,
      2024
    ],
    "n_scenes": 5,
    "n_strategies": 3,
    "clip_duration_s": 10.18
  }
}